index,0,1,2,3
Plano Internacional,0.0,0.1674650967727529,0.213503482452998,5.0
Plano de Correio de Voz,0.29672926252953613,0.0,5.0,0.6512532482484129
Mensagens por Correio de Voz,0.21065502150277393,0.0,5.0,0.7091008403701798
Ligações para Atendimento ao Cliente,0.0,1.4634902591041534,1.0045131947194612,5.0
Custo das Chamadas,0.0,4.440372232115026,3.653096148165959,4.999999999999998
Minutos em Chamadas,0.0,4.249281990597542,3.6427143224438723,5.0
Número de Chamadas,1.0087511812243974,2.888891114564558,0.0,5.0
Probabilidade de Evasão,0.00031706154216748494,0.001964483233077491,0.0,5.0
Contrato em Meses,3.672775233907913,1.674586829432542,0.0,5.0
